dataset\weight,fit,no error,predict
fit,0.0437940467552395,0.617462666835755,0.606890028259557
no error,0.366282981672105,0.044094354460004,0.200726460641736
predict,0.518418163440789,1.67715881432697,0.142330868062889
